<?xml version="1.0" encoding="UTF-8" standalone="yes"?>
<Project xmlns="http://schemas.microsoft.com/project">
    <SaveVersion>14</SaveVersion>
    <Title>Cyber_Security_ Fundamental Business Risk</Title>
    <ScheduleFromStart>1</ScheduleFromStart>
    <StartDate>2018-08-13T00:00:00</StartDate>
    <FinishDate>2018-11-23T00:00:00</FinishDate>
    <FYStartDate>1</FYStartDate>
    <CriticalSlackLimit>0</CriticalSlackLimit>
    <CurrencyDigits>2</CurrencyDigits>
    <CurrencySymbol>$</CurrencySymbol>
    <CurrencySymbolPosition>0</CurrencySymbolPosition>
    <CalendarUID>1</CalendarUID>
    <DefaultStartTime>08:00:00</DefaultStartTime>
    <MinutesPerDay>480</MinutesPerDay>
    <MinutesPerWeek>2400</MinutesPerWeek>
    <DaysPerMonth>20</DaysPerMonth>
    <DefaultTaskType>0</DefaultTaskType>
    <DefaultFixedCostAccrual>2</DefaultFixedCostAccrual>
    <DefaultStandardRate>10</DefaultStandardRate>
    <DefaultOvertimeRate>15</DefaultOvertimeRate>
    <DurationFormat>7</DurationFormat>
    <WorkFormat>2</WorkFormat>
    <EditableActualCosts>0</EditableActualCosts>
    <HonorConstraints>0</HonorConstraints>
    <EarnedValueMethod>0</EarnedValueMethod>
    <InsertedProjectsLikeSummary>0</InsertedProjectsLikeSummary>
    <MultipleCriticalPaths>0</MultipleCriticalPaths>
    <NewTasksEffortDriven>0</NewTasksEffortDriven>
    <NewTasksEstimated>1</NewTasksEstimated>
    <SplitsInProgressTasks>0</SplitsInProgressTasks>
    <SpreadActualCost>0</SpreadActualCost>
    <SpreadPercentComplete>0</SpreadPercentComplete>
    <TaskUpdatesResource>1</TaskUpdatesResource>
    <FiscalYearStart>0</FiscalYearStart>
    <WeekStartDay>1</WeekStartDay>
    <MoveCompletedEndsBack>0</MoveCompletedEndsBack>
    <MoveRemainingStartsBack>0</MoveRemainingStartsBack>
    <MoveRemainingStartsForward>0</MoveRemainingStartsForward>
    <MoveCompletedEndsForward>0</MoveCompletedEndsForward>
    <BaselineForEarnedValue>0</BaselineForEarnedValue>
    <AutoAddNewResourcesAndTasks>1</AutoAddNewResourcesAndTasks>
    <CurrentDate>2018-10-13T02:38:00</CurrentDate>
    <MicrosoftProjectServerURL>1</MicrosoftProjectServerURL>
    <Autolink>1</Autolink>
    <NewTaskStartDate>0</NewTaskStartDate>
    <DefaultTaskEVMethod>0</DefaultTaskEVMethod>
    <ProjectExternallyEdited>0</ProjectExternallyEdited>
    <ActualsInSync>0</ActualsInSync>
    <RemoveFileProperties>0</RemoveFileProperties>
    <AdminProject>0</AdminProject>
    <ExtendedAttributes/>
    <Calendars>
        <Calendar>
            <UID>1</UID>
            <Name>Standard</Name>
            <IsBaseCalendar>1</IsBaseCalendar>
            <WeekDays>
                <WeekDay>
                    <DayType>1</DayType>
                    <DayWorking>0</DayWorking>
                </WeekDay>
                <WeekDay>
                    <DayType>2</DayType>
                    <DayWorking>1</DayWorking>
                    <WorkingTimes>
                        <WorkingTime>
                            <FromTime>08:00:00</FromTime>
                            <ToTime>12:00:00</ToTime>
                        </WorkingTime>
                        <WorkingTime>
                            <FromTime>13:00:00</FromTime>
                            <ToTime>17:00:00</ToTime>
                        </WorkingTime>
                    </WorkingTimes>
                </WeekDay>
                <WeekDay>
                    <DayType>3</DayType>
                    <DayWorking>1</DayWorking>
                    <WorkingTimes>
                        <WorkingTime>
                            <FromTime>08:00:00</FromTime>
                            <ToTime>12:00:00</ToTime>
                        </WorkingTime>
                        <WorkingTime>
                            <FromTime>13:00:00</FromTime>
                            <ToTime>17:00:00</ToTime>
                        </WorkingTime>
                    </WorkingTimes>
                </WeekDay>
                <WeekDay>
                    <DayType>4</DayType>
                    <DayWorking>1</DayWorking>
                    <WorkingTimes>
                        <WorkingTime>
                            <FromTime>08:00:00</FromTime>
                            <ToTime>12:00:00</ToTime>
                        </WorkingTime>
                        <WorkingTime>
                            <FromTime>13:00:00</FromTime>
                            <ToTime>17:00:00</ToTime>
                        </WorkingTime>
                    </WorkingTimes>
                </WeekDay>
                <WeekDay>
                    <DayType>5</DayType>
                    <DayWorking>1</DayWorking>
                    <WorkingTimes>
                        <WorkingTime>
                            <FromTime>08:00:00</FromTime>
                            <ToTime>12:00:00</ToTime>
                        </WorkingTime>
                        <WorkingTime>
                            <FromTime>13:00:00</FromTime>
                            <ToTime>17:00:00</ToTime>
                        </WorkingTime>
                    </WorkingTimes>
                </WeekDay>
                <WeekDay>
                    <DayType>6</DayType>
                    <DayWorking>1</DayWorking>
                    <WorkingTimes>
                        <WorkingTime>
                            <FromTime>08:00:00</FromTime>
                            <ToTime>12:00:00</ToTime>
                        </WorkingTime>
                        <WorkingTime>
                            <FromTime>13:00:00</FromTime>
                            <ToTime>17:00:00</ToTime>
                        </WorkingTime>
                    </WorkingTimes>
                </WeekDay>
                <WeekDay>
                    <DayType>7</DayType>
                    <DayWorking>0</DayWorking>
                </WeekDay>
            </WeekDays>
        </Calendar>
    </Calendars>
    <Tasks>
        <Task>
            <UID>1</UID>
            <ID>1</ID>
            <Name>Initiating</Name>
            <Type>1</Type>
            <IsNull>0</IsNull>
            <WBS>1</WBS>
            <OutlineNumber>1</OutlineNumber>
            <OutlineLevel>1</OutlineLevel>
            <Priority>500</Priority>
            <Start>2018-08-13T08:00:00</Start>
            <Finish>2018-09-12T16:59:00</Finish>
            <Duration>PT184H0M0S</Duration>
            <DurationFormat>7</DurationFormat>
            <ResumeValid>0</ResumeValid>
            <EffortDriven>0</EffortDriven>
            <Recurring>0</Recurring>
            <OverAllocated>0</OverAllocated>
            <Estimated>0</Estimated>
            <Milestone>0</Milestone>
            <Summary>1</Summary>
            <Critical>0</Critical>
            <IsSubproject>0</IsSubproject>
            <IsSubprojectReadOnly>0</IsSubprojectReadOnly>
            <ExternalTask>0</ExternalTask>
            <FixedCostAccrual>3</FixedCostAccrual>
            <PercentComplete>0</PercentComplete>
            <PercentWorkComplete>0</PercentWorkComplete>
            <RemainingDuration>PT184H0M0S</RemainingDuration>
            <ConstraintType>4</ConstraintType>
            <CalendarUID>-1</CalendarUID>
            <ConstraintDate>2018-08-13T08:00:00</ConstraintDate>
            <LevelAssignments>0</LevelAssignments>
            <LevelingCanSplit>0</LevelingCanSplit>
            <IgnoreResourceCalendar>0</IgnoreResourceCalendar>
            <HideBar>0</HideBar>
            <Rollup>0</Rollup>
            <EarnedValueMethod>0</EarnedValueMethod>
            <Active>1</Active>
            <Manual>0</Manual>
        </Task>
        <Task>
            <UID>2</UID>
            <ID>2</ID>
            <Name>Initial contact w/ primary stakeholder</Name>
            <Type>1</Type>
            <IsNull>0</IsNull>
            <WBS>1.1</WBS>
            <OutlineNumber>1.1</OutlineNumber>
            <OutlineLevel>2</OutlineLevel>
            <Priority>500</Priority>
            <Start>2018-08-13T08:00:00</Start>
            <Finish>2018-08-17T16:59:00</Finish>
            <Duration>PT40H0M0S</Duration>
            <DurationFormat>7</DurationFormat>
            <ResumeValid>0</ResumeValid>
            <EffortDriven>0</EffortDriven>
            <Recurring>0</Recurring>
            <OverAllocated>0</OverAllocated>
            <Estimated>0</Estimated>
            <Milestone>0</Milestone>
            <Summary>1</Summary>
            <Critical>0</Critical>
            <IsSubproject>0</IsSubproject>
            <IsSubprojectReadOnly>0</IsSubprojectReadOnly>
            <ExternalTask>0</ExternalTask>
            <FixedCostAccrual>3</FixedCostAccrual>
            <PercentComplete>0</PercentComplete>
            <PercentWorkComplete>0</PercentWorkComplete>
            <RemainingDuration>PT40H0M0S</RemainingDuration>
            <ConstraintType>0</ConstraintType>
            <CalendarUID>-1</CalendarUID>
            <LevelAssignments>0</LevelAssignments>
            <LevelingCanSplit>0</LevelingCanSplit>
            <IgnoreResourceCalendar>0</IgnoreResourceCalendar>
            <HideBar>0</HideBar>
            <Rollup>0</Rollup>
            <EarnedValueMethod>0</EarnedValueMethod>
            <Active>1</Active>
            <Manual>0</Manual>
        </Task>
        <Task>
            <UID>3</UID>
            <ID>3</ID>
            <Name>Prepare Project Proposal</Name>
            <Type>1</Type>
            <IsNull>0</IsNull>
            <WBS>1.1.1</WBS>
            <OutlineNumber>1.1.1</OutlineNumber>
            <OutlineLevel>3</OutlineLevel>
            <Priority>500</Priority>
            <Start>2018-08-13T08:00:00</Start>
            <Finish>2018-08-13T16:59:00</Finish>
            <Duration>PT8H0M0S</Duration>
            <DurationFormat>7</DurationFormat>
            <ResumeValid>0</ResumeValid>
            <EffortDriven>0</EffortDriven>
            <Recurring>0</Recurring>
            <OverAllocated>0</OverAllocated>
            <Estimated>0</Estimated>
            <Milestone>0</Milestone>
            <Summary>0</Summary>
            <Critical>0</Critical>
            <IsSubproject>0</IsSubproject>
            <IsSubprojectReadOnly>0</IsSubprojectReadOnly>
            <ExternalTask>0</ExternalTask>
            <FixedCostAccrual>3</FixedCostAccrual>
            <PercentComplete>0</PercentComplete>
            <PercentWorkComplete>0</PercentWorkComplete>
            <RemainingDuration>PT8H0M0S</RemainingDuration>
            <ConstraintType>0</ConstraintType>
            <CalendarUID>-1</CalendarUID>
            <LevelAssignments>0</LevelAssignments>
            <LevelingCanSplit>0</LevelingCanSplit>
            <IgnoreResourceCalendar>0</IgnoreResourceCalendar>
            <HideBar>0</HideBar>
            <Rollup>0</Rollup>
            <EarnedValueMethod>0</EarnedValueMethod>
            <Active>1</Active>
            <Manual>0</Manual>
        </Task>
        <Task>
            <UID>4</UID>
            <ID>4</ID>
            <Name>Submit Proposal for approval</Name>
            <Type>1</Type>
            <IsNull>0</IsNull>
            <WBS>1.1.2</WBS>
            <OutlineNumber>1.1.2</OutlineNumber>
            <OutlineLevel>3</OutlineLevel>
            <Priority>500</Priority>
            <Start>2018-08-15T08:00:00</Start>
            <Finish>2018-08-17T16:59:00</Finish>
            <Duration>PT24H0M0S</Duration>
            <DurationFormat>7</DurationFormat>
            <ResumeValid>0</ResumeValid>
            <EffortDriven>0</EffortDriven>
            <Recurring>0</Recurring>
            <OverAllocated>0</OverAllocated>
            <Estimated>0</Estimated>
            <Milestone>0</Milestone>
            <Summary>0</Summary>
            <Critical>0</Critical>
            <IsSubproject>0</IsSubproject>
            <IsSubprojectReadOnly>0</IsSubprojectReadOnly>
            <ExternalTask>0</ExternalTask>
            <FixedCostAccrual>3</FixedCostAccrual>
            <PercentComplete>0</PercentComplete>
            <PercentWorkComplete>0</PercentWorkComplete>
            <RemainingDuration>PT24H0M0S</RemainingDuration>
            <ConstraintType>0</ConstraintType>
            <CalendarUID>-1</CalendarUID>
            <LevelAssignments>0</LevelAssignments>
            <LevelingCanSplit>0</LevelingCanSplit>
            <IgnoreResourceCalendar>0</IgnoreResourceCalendar>
            <HideBar>0</HideBar>
            <Rollup>0</Rollup>
            <EarnedValueMethod>0</EarnedValueMethod>
            <Active>1</Active>
            <Manual>0</Manual>
        </Task>
        <Task>
            <UID>5</UID>
            <ID>5</ID>
            <Name>Statement of work</Name>
            <Type>1</Type>
            <IsNull>0</IsNull>
            <WBS>1.2</WBS>
            <OutlineNumber>1.2</OutlineNumber>
            <OutlineLevel>2</OutlineLevel>
            <Priority>500</Priority>
            <Start>2018-08-31T08:00:00</Start>
            <Finish>2018-09-12T16:59:00</Finish>
            <Duration>PT72H0M0S</Duration>
            <DurationFormat>7</DurationFormat>
            <ResumeValid>0</ResumeValid>
            <EffortDriven>0</EffortDriven>
            <Recurring>0</Recurring>
            <OverAllocated>0</OverAllocated>
            <Estimated>0</Estimated>
            <Milestone>0</Milestone>
            <Summary>1</Summary>
            <Critical>0</Critical>
            <IsSubproject>0</IsSubproject>
            <IsSubprojectReadOnly>0</IsSubprojectReadOnly>
            <ExternalTask>0</ExternalTask>
            <FixedCostAccrual>3</FixedCostAccrual>
            <PercentComplete>0</PercentComplete>
            <PercentWorkComplete>0</PercentWorkComplete>
            <RemainingDuration>PT72H0M0S</RemainingDuration>
            <ConstraintType>0</ConstraintType>
            <CalendarUID>-1</CalendarUID>
            <LevelAssignments>0</LevelAssignments>
            <LevelingCanSplit>0</LevelingCanSplit>
            <IgnoreResourceCalendar>0</IgnoreResourceCalendar>
            <HideBar>0</HideBar>
            <Rollup>0</Rollup>
            <EarnedValueMethod>0</EarnedValueMethod>
            <Active>1</Active>
            <Manual>0</Manual>
        </Task>
        <Task>
            <UID>6</UID>
            <ID>6</ID>
            <Name>List requirements</Name>
            <Type>1</Type>
            <IsNull>0</IsNull>
            <WBS>1.2.1</WBS>
            <OutlineNumber>1.2.1</OutlineNumber>
            <OutlineLevel>3</OutlineLevel>
            <Priority>500</Priority>
            <Start>2018-08-31T08:00:00</Start>
            <Finish>2018-08-31T16:59:00</Finish>
            <Duration>PT8H0M0S</Duration>
            <DurationFormat>7</DurationFormat>
            <ResumeValid>0</ResumeValid>
            <EffortDriven>0</EffortDriven>
            <Recurring>0</Recurring>
            <OverAllocated>0</OverAllocated>
            <Estimated>0</Estimated>
            <Milestone>0</Milestone>
            <Summary>0</Summary>
            <Critical>0</Critical>
            <IsSubproject>0</IsSubproject>
            <IsSubprojectReadOnly>0</IsSubprojectReadOnly>
            <ExternalTask>0</ExternalTask>
            <FixedCostAccrual>3</FixedCostAccrual>
            <PercentComplete>0</PercentComplete>
            <PercentWorkComplete>0</PercentWorkComplete>
            <RemainingDuration>PT8H0M0S</RemainingDuration>
            <ConstraintType>0</ConstraintType>
            <CalendarUID>-1</CalendarUID>
            <LevelAssignments>0</LevelAssignments>
            <LevelingCanSplit>0</LevelingCanSplit>
            <IgnoreResourceCalendar>0</IgnoreResourceCalendar>
            <HideBar>0</HideBar>
            <Rollup>0</Rollup>
            <EarnedValueMethod>0</EarnedValueMethod>
            <Active>1</Active>
            <Manual>0</Manual>
        </Task>
        <Task>
            <UID>7</UID>
            <ID>7</ID>
            <Name>WBS - Outline</Name>
            <Type>1</Type>
            <IsNull>0</IsNull>
            <WBS>1.2.2</WBS>
            <OutlineNumber>1.2.2</OutlineNumber>
            <OutlineLevel>3</OutlineLevel>
            <Priority>500</Priority>
            <Start>2018-09-01T08:00:00</Start>
            <Finish>2018-09-12T16:59:00</Finish>
            <Duration>PT72H0M0S</Duration>
            <DurationFormat>7</DurationFormat>
            <ResumeValid>0</ResumeValid>
            <EffortDriven>0</EffortDriven>
            <Recurring>0</Recurring>
            <OverAllocated>0</OverAllocated>
            <Estimated>0</Estimated>
            <Milestone>0</Milestone>
            <Summary>0</Summary>
            <Critical>0</Critical>
            <IsSubproject>0</IsSubproject>
            <IsSubprojectReadOnly>0</IsSubprojectReadOnly>
            <ExternalTask>0</ExternalTask>
            <FixedCostAccrual>3</FixedCostAccrual>
            <PercentComplete>0</PercentComplete>
            <PercentWorkComplete>0</PercentWorkComplete>
            <RemainingDuration>PT72H0M0S</RemainingDuration>
            <ConstraintType>0</ConstraintType>
            <CalendarUID>-1</CalendarUID>
            <LevelAssignments>0</LevelAssignments>
            <LevelingCanSplit>0</LevelingCanSplit>
            <IgnoreResourceCalendar>0</IgnoreResourceCalendar>
            <HideBar>0</HideBar>
            <Rollup>0</Rollup>
            <EarnedValueMethod>0</EarnedValueMethod>
            <Active>1</Active>
            <Manual>0</Manual>
        </Task>
        <Task>
            <UID>8</UID>
            <ID>8</ID>
            <Name>Business Case</Name>
            <Type>1</Type>
            <IsNull>0</IsNull>
            <WBS>1.3</WBS>
            <OutlineNumber>1.3</OutlineNumber>
            <OutlineLevel>2</OutlineLevel>
            <Priority>500</Priority>
            <Start>2018-08-31T08:00:00</Start>
            <Finish>2018-09-03T16:59:00</Finish>
            <Duration>PT16H0M0S</Duration>
            <DurationFormat>7</DurationFormat>
            <ResumeValid>0</ResumeValid>
            <EffortDriven>0</EffortDriven>
            <Recurring>0</Recurring>
            <OverAllocated>0</OverAllocated>
            <Estimated>0</Estimated>
            <Milestone>0</Milestone>
            <Summary>1</Summary>
            <Critical>0</Critical>
            <IsSubproject>0</IsSubproject>
            <IsSubprojectReadOnly>0</IsSubprojectReadOnly>
            <ExternalTask>0</ExternalTask>
            <FixedCostAccrual>3</FixedCostAccrual>
            <PercentComplete>0</PercentComplete>
            <PercentWorkComplete>0</PercentWorkComplete>
            <RemainingDuration>PT16H0M0S</RemainingDuration>
            <ConstraintType>0</ConstraintType>
            <CalendarUID>-1</CalendarUID>
            <LevelAssignments>0</LevelAssignments>
            <LevelingCanSplit>0</LevelingCanSplit>
            <IgnoreResourceCalendar>0</IgnoreResourceCalendar>
            <HideBar>0</HideBar>
            <Rollup>0</Rollup>
            <EarnedValueMethod>0</EarnedValueMethod>
            <Active>1</Active>
            <Manual>0</Manual>
        </Task>
        <Task>
            <UID>9</UID>
            <ID>9</ID>
            <Name>Research similar projects</Name>
            <Type>1</Type>
            <IsNull>0</IsNull>
            <WBS>1.3.1</WBS>
            <OutlineNumber>1.3.1</OutlineNumber>
            <OutlineLevel>3</OutlineLevel>
            <Priority>500</Priority>
            <Start>2018-08-31T08:00:00</Start>
            <Finish>2018-09-03T16:59:00</Finish>
            <Duration>PT16H0M0S</Duration>
            <DurationFormat>7</DurationFormat>
            <ResumeValid>0</ResumeValid>
            <EffortDriven>0</EffortDriven>
            <Recurring>0</Recurring>
            <OverAllocated>0</OverAllocated>
            <Estimated>0</Estimated>
            <Milestone>0</Milestone>
            <Summary>0</Summary>
            <Critical>0</Critical>
            <IsSubproject>0</IsSubproject>
            <IsSubprojectReadOnly>0</IsSubprojectReadOnly>
            <ExternalTask>0</ExternalTask>
            <FixedCostAccrual>3</FixedCostAccrual>
            <PercentComplete>0</PercentComplete>
            <PercentWorkComplete>0</PercentWorkComplete>
            <RemainingDuration>PT16H0M0S</RemainingDuration>
            <ConstraintType>0</ConstraintType>
            <CalendarUID>-1</CalendarUID>
            <LevelAssignments>0</LevelAssignments>
            <LevelingCanSplit>0</LevelingCanSplit>
            <IgnoreResourceCalendar>0</IgnoreResourceCalendar>
            <HideBar>0</HideBar>
            <Rollup>0</Rollup>
            <EarnedValueMethod>0</EarnedValueMethod>
            <Active>1</Active>
            <Manual>0</Manual>
        </Task>
        <Task>
            <UID>10</UID>
            <ID>10</ID>
            <Name>Develop Project Charter</Name>
            <Type>1</Type>
            <IsNull>0</IsNull>
            <WBS>1.4</WBS>
            <OutlineNumber>1.4</OutlineNumber>
            <OutlineLevel>2</OutlineLevel>
            <Priority>500</Priority>
            <Start>2018-09-02T08:00:00</Start>
            <Finish>2018-09-03T16:59:00</Finish>
            <Duration>PT16H0M0S</Duration>
            <DurationFormat>7</DurationFormat>
            <ResumeValid>0</ResumeValid>
            <EffortDriven>0</EffortDriven>
            <Recurring>0</Recurring>
            <OverAllocated>0</OverAllocated>
            <Estimated>0</Estimated>
            <Milestone>0</Milestone>
            <Summary>0</Summary>
            <Critical>0</Critical>
            <IsSubproject>0</IsSubproject>
            <IsSubprojectReadOnly>0</IsSubprojectReadOnly>
            <ExternalTask>0</ExternalTask>
            <FixedCostAccrual>3</FixedCostAccrual>
            <PercentComplete>0</PercentComplete>
            <PercentWorkComplete>0</PercentWorkComplete>
            <RemainingDuration>PT16H0M0S</RemainingDuration>
            <ConstraintType>0</ConstraintType>
            <CalendarUID>-1</CalendarUID>
            <LevelAssignments>0</LevelAssignments>
            <LevelingCanSplit>0</LevelingCanSplit>
            <IgnoreResourceCalendar>0</IgnoreResourceCalendar>
            <HideBar>0</HideBar>
            <Rollup>0</Rollup>
            <EarnedValueMethod>0</EarnedValueMethod>
            <Active>1</Active>
            <Manual>0</Manual>
        </Task>
        <Task>
            <UID>11</UID>
            <ID>11</ID>
            <Name>Planning</Name>
            <Type>1</Type>
            <IsNull>0</IsNull>
            <WBS>2</WBS>
            <OutlineNumber>2</OutlineNumber>
            <OutlineLevel>1</OutlineLevel>
            <Priority>500</Priority>
            <Start>2018-09-02T08:00:00</Start>
            <Finish>2018-09-12T16:59:00</Finish>
            <Duration>PT72H0M0S</Duration>
            <DurationFormat>7</DurationFormat>
            <ResumeValid>0</ResumeValid>
            <EffortDriven>0</EffortDriven>
            <Recurring>0</Recurring>
            <OverAllocated>0</OverAllocated>
            <Estimated>0</Estimated>
            <Milestone>0</Milestone>
            <Summary>1</Summary>
            <Critical>0</Critical>
            <IsSubproject>0</IsSubproject>
            <IsSubprojectReadOnly>0</IsSubprojectReadOnly>
            <ExternalTask>0</ExternalTask>
            <FixedCostAccrual>3</FixedCostAccrual>
            <PercentComplete>0</PercentComplete>
            <PercentWorkComplete>0</PercentWorkComplete>
            <RemainingDuration>PT72H0M0S</RemainingDuration>
            <ConstraintType>4</ConstraintType>
            <CalendarUID>-1</CalendarUID>
            <ConstraintDate>2018-09-02T08:00:00</ConstraintDate>
            <LevelAssignments>0</LevelAssignments>
            <LevelingCanSplit>0</LevelingCanSplit>
            <IgnoreResourceCalendar>0</IgnoreResourceCalendar>
            <HideBar>0</HideBar>
            <Rollup>0</Rollup>
            <EarnedValueMethod>0</EarnedValueMethod>
            <Active>1</Active>
            <Manual>0</Manual>
        </Task>
        <Task>
            <UID>12</UID>
            <ID>12</ID>
            <Name>PDR</Name>
            <Type>1</Type>
            <IsNull>0</IsNull>
            <WBS>2.1</WBS>
            <OutlineNumber>2.1</OutlineNumber>
            <OutlineLevel>2</OutlineLevel>
            <Priority>500</Priority>
            <Start>2018-09-02T08:00:00</Start>
            <Finish>2018-09-12T16:59:00</Finish>
            <Duration>PT72H0M0S</Duration>
            <DurationFormat>7</DurationFormat>
            <ResumeValid>0</ResumeValid>
            <EffortDriven>0</EffortDriven>
            <Recurring>0</Recurring>
            <OverAllocated>0</OverAllocated>
            <Estimated>0</Estimated>
            <Milestone>0</Milestone>
            <Summary>1</Summary>
            <Critical>0</Critical>
            <IsSubproject>0</IsSubproject>
            <IsSubprojectReadOnly>0</IsSubprojectReadOnly>
            <ExternalTask>0</ExternalTask>
            <FixedCostAccrual>3</FixedCostAccrual>
            <PercentComplete>0</PercentComplete>
            <PercentWorkComplete>0</PercentWorkComplete>
            <RemainingDuration>PT72H0M0S</RemainingDuration>
            <ConstraintType>0</ConstraintType>
            <CalendarUID>-1</CalendarUID>
            <LevelAssignments>0</LevelAssignments>
            <LevelingCanSplit>0</LevelingCanSplit>
            <IgnoreResourceCalendar>0</IgnoreResourceCalendar>
            <HideBar>0</HideBar>
            <Rollup>0</Rollup>
            <EarnedValueMethod>0</EarnedValueMethod>
            <Active>1</Active>
            <Manual>0</Manual>
        </Task>
        <Task>
            <UID>13</UID>
            <ID>13</ID>
            <Name>Scope Statement</Name>
            <Type>1</Type>
            <IsNull>0</IsNull>
            <WBS>2.1.1</WBS>
            <OutlineNumber>2.1.1</OutlineNumber>
            <OutlineLevel>3</OutlineLevel>
            <Priority>500</Priority>
            <Start>2018-09-02T08:00:00</Start>
            <Finish>2018-09-04T16:59:00</Finish>
            <Duration>PT24H0M0S</Duration>
            <DurationFormat>7</DurationFormat>
            <ResumeValid>0</ResumeValid>
            <EffortDriven>0</EffortDriven>
            <Recurring>0</Recurring>
            <OverAllocated>0</OverAllocated>
            <Estimated>0</Estimated>
            <Milestone>0</Milestone>
            <Summary>0</Summary>
            <Critical>0</Critical>
            <IsSubproject>0</IsSubproject>
            <IsSubprojectReadOnly>0</IsSubprojectReadOnly>
            <ExternalTask>0</ExternalTask>
            <FixedCostAccrual>3</FixedCostAccrual>
            <PercentComplete>0</PercentComplete>
            <PercentWorkComplete>0</PercentWorkComplete>
            <RemainingDuration>PT24H0M0S</RemainingDuration>
            <ConstraintType>0</ConstraintType>
            <CalendarUID>-1</CalendarUID>
            <LevelAssignments>0</LevelAssignments>
            <LevelingCanSplit>0</LevelingCanSplit>
            <IgnoreResourceCalendar>0</IgnoreResourceCalendar>
            <HideBar>0</HideBar>
            <Rollup>0</Rollup>
            <EarnedValueMethod>0</EarnedValueMethod>
            <Active>1</Active>
            <Manual>0</Manual>
        </Task>
        <Task>
            <UID>14</UID>
            <ID>14</ID>
            <Name>WBS - Final</Name>
            <Type>1</Type>
            <IsNull>0</IsNull>
            <WBS>2.1.2</WBS>
            <OutlineNumber>2.1.2</OutlineNumber>
            <OutlineLevel>3</OutlineLevel>
            <Priority>500</Priority>
            <Start>2018-09-12T08:00:00</Start>
            <Finish>2018-09-12T16:59:00</Finish>
            <Duration>PT8H0M0S</Duration>
            <DurationFormat>7</DurationFormat>
            <ResumeValid>0</ResumeValid>
            <EffortDriven>0</EffortDriven>
            <Recurring>0</Recurring>
            <OverAllocated>0</OverAllocated>
            <Estimated>0</Estimated>
            <Milestone>0</Milestone>
            <Summary>0</Summary>
            <Critical>0</Critical>
            <IsSubproject>0</IsSubproject>
            <IsSubprojectReadOnly>0</IsSubprojectReadOnly>
            <ExternalTask>0</ExternalTask>
            <FixedCostAccrual>3</FixedCostAccrual>
            <PercentComplete>0</PercentComplete>
            <PercentWorkComplete>0</PercentWorkComplete>
            <RemainingDuration>PT8H0M0S</RemainingDuration>
            <ConstraintType>0</ConstraintType>
            <CalendarUID>-1</CalendarUID>
            <LevelAssignments>0</LevelAssignments>
            <LevelingCanSplit>0</LevelingCanSplit>
            <IgnoreResourceCalendar>0</IgnoreResourceCalendar>
            <HideBar>0</HideBar>
            <Rollup>0</Rollup>
            <EarnedValueMethod>0</EarnedValueMethod>
            <Active>1</Active>
            <Manual>0</Manual>
        </Task>
        <Task>
            <UID>15</UID>
            <ID>15</ID>
            <Name>Schedule</Name>
            <Type>1</Type>
            <IsNull>0</IsNull>
            <WBS>2.2</WBS>
            <OutlineNumber>2.2</OutlineNumber>
            <OutlineLevel>2</OutlineLevel>
            <Priority>500</Priority>
            <Start>2018-09-06T08:00:00</Start>
            <Finish>2018-09-12T16:59:00</Finish>
            <Duration>PT40H0M0S</Duration>
            <DurationFormat>7</DurationFormat>
            <ResumeValid>0</ResumeValid>
            <EffortDriven>0</EffortDriven>
            <Recurring>0</Recurring>
            <OverAllocated>0</OverAllocated>
            <Estimated>0</Estimated>
            <Milestone>0</Milestone>
            <Summary>1</Summary>
            <Critical>0</Critical>
            <IsSubproject>0</IsSubproject>
            <IsSubprojectReadOnly>0</IsSubprojectReadOnly>
            <ExternalTask>0</ExternalTask>
            <FixedCostAccrual>3</FixedCostAccrual>
            <PercentComplete>0</PercentComplete>
            <PercentWorkComplete>0</PercentWorkComplete>
            <RemainingDuration>PT40H0M0S</RemainingDuration>
            <ConstraintType>0</ConstraintType>
            <CalendarUID>-1</CalendarUID>
            <LevelAssignments>0</LevelAssignments>
            <LevelingCanSplit>0</LevelingCanSplit>
            <IgnoreResourceCalendar>0</IgnoreResourceCalendar>
            <HideBar>0</HideBar>
            <Rollup>0</Rollup>
            <EarnedValueMethod>0</EarnedValueMethod>
            <Active>1</Active>
            <Manual>0</Manual>
        </Task>
        <Task>
            <UID>16</UID>
            <ID>16</ID>
            <Name>Gantt Chart</Name>
            <Type>1</Type>
            <IsNull>0</IsNull>
            <WBS>2.2.1</WBS>
            <OutlineNumber>2.2.1</OutlineNumber>
            <OutlineLevel>3</OutlineLevel>
            <Priority>500</Priority>
            <Start>2018-09-06T08:00:00</Start>
            <Finish>2018-09-12T16:59:00</Finish>
            <Duration>PT40H0M0S</Duration>
            <DurationFormat>7</DurationFormat>
            <ResumeValid>0</ResumeValid>
            <EffortDriven>0</EffortDriven>
            <Recurring>0</Recurring>
            <OverAllocated>0</OverAllocated>
            <Estimated>0</Estimated>
            <Milestone>0</Milestone>
            <Summary>0</Summary>
            <Critical>0</Critical>
            <IsSubproject>0</IsSubproject>
            <IsSubprojectReadOnly>0</IsSubprojectReadOnly>
            <ExternalTask>0</ExternalTask>
            <FixedCostAccrual>3</FixedCostAccrual>
            <PercentComplete>0</PercentComplete>
            <PercentWorkComplete>0</PercentWorkComplete>
            <RemainingDuration>PT40H0M0S</RemainingDuration>
            <ConstraintType>0</ConstraintType>
            <CalendarUID>-1</CalendarUID>
            <LevelAssignments>0</LevelAssignments>
            <LevelingCanSplit>0</LevelingCanSplit>
            <IgnoreResourceCalendar>0</IgnoreResourceCalendar>
            <HideBar>0</HideBar>
            <Rollup>0</Rollup>
            <EarnedValueMethod>0</EarnedValueMethod>
            <Active>1</Active>
            <Manual>0</Manual>
        </Task>
        <Task>
            <UID>17</UID>
            <ID>17</ID>
            <Name>Cost Estimate (Formality)</Name>
            <Type>1</Type>
            <IsNull>0</IsNull>
            <WBS>2.2.2</WBS>
            <OutlineNumber>2.2.2</OutlineNumber>
            <OutlineLevel>3</OutlineLevel>
            <Priority>500</Priority>
            <Start>2018-09-08T08:00:00</Start>
            <Finish>2018-09-08T16:59:00</Finish>
            <Duration>PT8H0M0S</Duration>
            <DurationFormat>7</DurationFormat>
            <ResumeValid>0</ResumeValid>
            <EffortDriven>0</EffortDriven>
            <Recurring>0</Recurring>
            <OverAllocated>0</OverAllocated>
            <Estimated>0</Estimated>
            <Milestone>0</Milestone>
            <Summary>0</Summary>
            <Critical>0</Critical>
            <IsSubproject>0</IsSubproject>
            <IsSubprojectReadOnly>0</IsSubprojectReadOnly>
            <ExternalTask>0</ExternalTask>
            <FixedCostAccrual>3</FixedCostAccrual>
            <PercentComplete>0</PercentComplete>
            <PercentWorkComplete>0</PercentWorkComplete>
            <RemainingDuration>PT8H0M0S</RemainingDuration>
            <ConstraintType>0</ConstraintType>
            <CalendarUID>-1</CalendarUID>
            <LevelAssignments>0</LevelAssignments>
            <LevelingCanSplit>0</LevelingCanSplit>
            <IgnoreResourceCalendar>0</IgnoreResourceCalendar>
            <HideBar>0</HideBar>
            <Rollup>0</Rollup>
            <EarnedValueMethod>0</EarnedValueMethod>
            <Active>1</Active>
            <Manual>0</Manual>
        </Task>
        <Task>
            <UID>18</UID>
            <ID>18</ID>
            <Name>Risk Management</Name>
            <Type>1</Type>
            <IsNull>0</IsNull>
            <WBS>2.3</WBS>
            <OutlineNumber>2.3</OutlineNumber>
            <OutlineLevel>2</OutlineLevel>
            <Priority>500</Priority>
            <Start>2018-09-08T08:00:00</Start>
            <Finish>2018-09-12T16:59:00</Finish>
            <Duration>PT32H0M0S</Duration>
            <DurationFormat>7</DurationFormat>
            <ResumeValid>0</ResumeValid>
            <EffortDriven>0</EffortDriven>
            <Recurring>0</Recurring>
            <OverAllocated>0</OverAllocated>
            <Estimated>0</Estimated>
            <Milestone>0</Milestone>
            <Summary>1</Summary>
            <Critical>0</Critical>
            <IsSubproject>0</IsSubproject>
            <IsSubprojectReadOnly>0</IsSubprojectReadOnly>
            <ExternalTask>0</ExternalTask>
            <FixedCostAccrual>3</FixedCostAccrual>
            <PercentComplete>0</PercentComplete>
            <PercentWorkComplete>0</PercentWorkComplete>
            <RemainingDuration>PT32H0M0S</RemainingDuration>
            <ConstraintType>0</ConstraintType>
            <CalendarUID>-1</CalendarUID>
            <LevelAssignments>0</LevelAssignments>
            <LevelingCanSplit>0</LevelingCanSplit>
            <IgnoreResourceCalendar>0</IgnoreResourceCalendar>
            <HideBar>0</HideBar>
            <Rollup>0</Rollup>
            <EarnedValueMethod>0</EarnedValueMethod>
            <Active>1</Active>
            <Manual>0</Manual>
        </Task>
        <Task>
            <UID>19</UID>
            <ID>19</ID>
            <Name>Risk Register</Name>
            <Type>1</Type>
            <IsNull>0</IsNull>
            <WBS>2.3.1</WBS>
            <OutlineNumber>2.3.1</OutlineNumber>
            <OutlineLevel>3</OutlineLevel>
            <Priority>500</Priority>
            <Start>2018-09-08T08:00:00</Start>
            <Finish>2018-09-12T16:59:00</Finish>
            <Duration>PT32H0M0S</Duration>
            <DurationFormat>7</DurationFormat>
            <ResumeValid>0</ResumeValid>
            <EffortDriven>0</EffortDriven>
            <Recurring>0</Recurring>
            <OverAllocated>0</OverAllocated>
            <Estimated>0</Estimated>
            <Milestone>0</Milestone>
            <Summary>0</Summary>
            <Critical>0</Critical>
            <IsSubproject>0</IsSubproject>
            <IsSubprojectReadOnly>0</IsSubprojectReadOnly>
            <ExternalTask>0</ExternalTask>
            <FixedCostAccrual>3</FixedCostAccrual>
            <PercentComplete>0</PercentComplete>
            <PercentWorkComplete>0</PercentWorkComplete>
            <RemainingDuration>PT32H0M0S</RemainingDuration>
            <ConstraintType>0</ConstraintType>
            <CalendarUID>-1</CalendarUID>
            <LevelAssignments>0</LevelAssignments>
            <LevelingCanSplit>0</LevelingCanSplit>
            <IgnoreResourceCalendar>0</IgnoreResourceCalendar>
            <HideBar>0</HideBar>
            <Rollup>0</Rollup>
            <EarnedValueMethod>0</EarnedValueMethod>
            <Active>1</Active>
            <Manual>0</Manual>
        </Task>
        <Task>
            <UID>20</UID>
            <ID>20</ID>
            <Name>Probability Impact Matrix</Name>
            <Type>1</Type>
            <IsNull>0</IsNull>
            <WBS>2.3.2</WBS>
            <OutlineNumber>2.3.2</OutlineNumber>
            <OutlineLevel>3</OutlineLevel>
            <Priority>500</Priority>
            <Start>2018-09-08T08:00:00</Start>
            <Finish>2018-09-12T16:59:00</Finish>
            <Duration>PT32H0M0S</Duration>
            <DurationFormat>7</DurationFormat>
            <ResumeValid>0</ResumeValid>
            <EffortDriven>0</EffortDriven>
            <Recurring>0</Recurring>
            <OverAllocated>0</OverAllocated>
            <Estimated>0</Estimated>
            <Milestone>0</Milestone>
            <Summary>0</Summary>
            <Critical>0</Critical>
            <IsSubproject>0</IsSubproject>
            <IsSubprojectReadOnly>0</IsSubprojectReadOnly>
            <ExternalTask>0</ExternalTask>
            <FixedCostAccrual>3</FixedCostAccrual>
            <PercentComplete>0</PercentComplete>
            <PercentWorkComplete>0</PercentWorkComplete>
            <RemainingDuration>PT32H0M0S</RemainingDuration>
            <ConstraintType>0</ConstraintType>
            <CalendarUID>-1</CalendarUID>
            <LevelAssignments>0</LevelAssignments>
            <LevelingCanSplit>0</LevelingCanSplit>
            <IgnoreResourceCalendar>0</IgnoreResourceCalendar>
            <HideBar>0</HideBar>
            <Rollup>0</Rollup>
            <EarnedValueMethod>0</EarnedValueMethod>
            <Active>1</Active>
            <Manual>0</Manual>
        </Task>
        <Task>
            <UID>21</UID>
            <ID>21</ID>
            <Name>Development</Name>
            <Type>1</Type>
            <IsNull>0</IsNull>
            <WBS>3</WBS>
            <OutlineNumber>3</OutlineNumber>
            <OutlineLevel>1</OutlineLevel>
            <Priority>500</Priority>
            <Start>2018-09-12T08:00:00</Start>
            <Finish>2018-10-30T16:59:00</Finish>
            <Duration>PT280H0M0S</Duration>
            <DurationFormat>7</DurationFormat>
            <ResumeValid>0</ResumeValid>
            <EffortDriven>0</EffortDriven>
            <Recurring>0</Recurring>
            <OverAllocated>0</OverAllocated>
            <Estimated>0</Estimated>
            <Milestone>0</Milestone>
            <Summary>1</Summary>
            <Critical>0</Critical>
            <IsSubproject>0</IsSubproject>
            <IsSubprojectReadOnly>0</IsSubprojectReadOnly>
            <ExternalTask>0</ExternalTask>
            <FixedCostAccrual>3</FixedCostAccrual>
            <PercentComplete>0</PercentComplete>
            <PercentWorkComplete>0</PercentWorkComplete>
            <RemainingDuration>PT280H0M0S</RemainingDuration>
            <ConstraintType>4</ConstraintType>
            <CalendarUID>-1</CalendarUID>
            <ConstraintDate>2018-09-12T08:00:00</ConstraintDate>
            <LevelAssignments>0</LevelAssignments>
            <LevelingCanSplit>0</LevelingCanSplit>
            <IgnoreResourceCalendar>0</IgnoreResourceCalendar>
            <HideBar>0</HideBar>
            <Rollup>0</Rollup>
            <EarnedValueMethod>0</EarnedValueMethod>
            <Active>1</Active>
            <Manual>0</Manual>
        </Task>
        <Task>
            <UID>22</UID>
            <ID>22</ID>
            <Name>Design and Analysis</Name>
            <Type>1</Type>
            <IsNull>0</IsNull>
            <WBS>3.1</WBS>
            <OutlineNumber>3.1</OutlineNumber>
            <OutlineLevel>2</OutlineLevel>
            <Priority>500</Priority>
            <Start>2018-09-12T08:00:00</Start>
            <Finish>2018-09-19T16:59:00</Finish>
            <Duration>PT48H0M0S</Duration>
            <DurationFormat>7</DurationFormat>
            <ResumeValid>0</ResumeValid>
            <EffortDriven>0</EffortDriven>
            <Recurring>0</Recurring>
            <OverAllocated>0</OverAllocated>
            <Estimated>0</Estimated>
            <Milestone>0</Milestone>
            <Summary>1</Summary>
            <Critical>0</Critical>
            <IsSubproject>0</IsSubproject>
            <IsSubprojectReadOnly>0</IsSubprojectReadOnly>
            <ExternalTask>0</ExternalTask>
            <FixedCostAccrual>3</FixedCostAccrual>
            <PercentComplete>0</PercentComplete>
            <PercentWorkComplete>0</PercentWorkComplete>
            <RemainingDuration>PT48H0M0S</RemainingDuration>
            <ConstraintType>0</ConstraintType>
            <CalendarUID>-1</CalendarUID>
            <LevelAssignments>0</LevelAssignments>
            <LevelingCanSplit>0</LevelingCanSplit>
            <IgnoreResourceCalendar>0</IgnoreResourceCalendar>
            <HideBar>0</HideBar>
            <Rollup>0</Rollup>
            <EarnedValueMethod>0</EarnedValueMethod>
            <Active>1</Active>
            <Manual>0</Manual>
        </Task>
        <Task>
            <UID>23</UID>
            <ID>23</ID>
            <Name>End-User Survey</Name>
            <Type>1</Type>
            <IsNull>0</IsNull>
            <WBS>3.1.1</WBS>
            <OutlineNumber>3.1.1</OutlineNumber>
            <OutlineLevel>3</OutlineLevel>
            <Priority>500</Priority>
            <Start>2018-09-12T08:00:00</Start>
            <Finish>2018-09-19T16:59:00</Finish>
            <Duration>PT48H0M0S</Duration>
            <DurationFormat>7</DurationFormat>
            <ResumeValid>0</ResumeValid>
            <EffortDriven>0</EffortDriven>
            <Recurring>0</Recurring>
            <OverAllocated>0</OverAllocated>
            <Estimated>0</Estimated>
            <Milestone>0</Milestone>
            <Summary>0</Summary>
            <Critical>0</Critical>
            <IsSubproject>0</IsSubproject>
            <IsSubprojectReadOnly>0</IsSubprojectReadOnly>
            <ExternalTask>0</ExternalTask>
            <FixedCostAccrual>3</FixedCostAccrual>
            <PercentComplete>0</PercentComplete>
            <PercentWorkComplete>0</PercentWorkComplete>
            <RemainingDuration>PT48H0M0S</RemainingDuration>
            <ConstraintType>0</ConstraintType>
            <CalendarUID>-1</CalendarUID>
            <LevelAssignments>0</LevelAssignments>
            <LevelingCanSplit>0</LevelingCanSplit>
            <IgnoreResourceCalendar>0</IgnoreResourceCalendar>
            <HideBar>0</HideBar>
            <Rollup>0</Rollup>
            <EarnedValueMethod>0</EarnedValueMethod>
            <Active>1</Active>
            <Manual>0</Manual>
        </Task>
        <Task>
            <UID>24</UID>
            <ID>24</ID>
            <Name>User Requirements</Name>
            <Type>1</Type>
            <IsNull>0</IsNull>
            <WBS>3.1.2</WBS>
            <OutlineNumber>3.1.2</OutlineNumber>
            <OutlineLevel>3</OutlineLevel>
            <Priority>500</Priority>
            <Start>2018-09-12T08:00:00</Start>
            <Finish>2018-09-19T16:59:00</Finish>
            <Duration>PT48H0M0S</Duration>
            <DurationFormat>7</DurationFormat>
            <ResumeValid>0</ResumeValid>
            <EffortDriven>0</EffortDriven>
            <Recurring>0</Recurring>
            <OverAllocated>0</OverAllocated>
            <Estimated>0</Estimated>
            <Milestone>0</Milestone>
            <Summary>0</Summary>
            <Critical>0</Critical>
            <IsSubproject>0</IsSubproject>
            <IsSubprojectReadOnly>0</IsSubprojectReadOnly>
            <ExternalTask>0</ExternalTask>
            <FixedCostAccrual>3</FixedCostAccrual>
            <PercentComplete>0</PercentComplete>
            <PercentWorkComplete>0</PercentWorkComplete>
            <RemainingDuration>PT48H0M0S</RemainingDuration>
            <ConstraintType>0</ConstraintType>
            <CalendarUID>-1</CalendarUID>
            <LevelAssignments>0</LevelAssignments>
            <LevelingCanSplit>0</LevelingCanSplit>
            <IgnoreResourceCalendar>0</IgnoreResourceCalendar>
            <HideBar>0</HideBar>
            <Rollup>0</Rollup>
            <EarnedValueMethod>0</EarnedValueMethod>
            <Active>1</Active>
            <Manual>0</Manual>
        </Task>
        <Task>
            <UID>25</UID>
            <ID>25</ID>
            <Name>Design Mock Up</Name>
            <Type>1</Type>
            <IsNull>0</IsNull>
            <WBS>3.1.3</WBS>
            <OutlineNumber>3.1.3</OutlineNumber>
            <OutlineLevel>3</OutlineLevel>
            <Priority>500</Priority>
            <Start>2018-09-15T08:00:00</Start>
            <Finish>2018-09-19T16:59:00</Finish>
            <Duration>PT32H0M0S</Duration>
            <DurationFormat>7</DurationFormat>
            <ResumeValid>0</ResumeValid>
            <EffortDriven>0</EffortDriven>
            <Recurring>0</Recurring>
            <OverAllocated>0</OverAllocated>
            <Estimated>0</Estimated>
            <Milestone>0</Milestone>
            <Summary>0</Summary>
            <Critical>0</Critical>
            <IsSubproject>0</IsSubproject>
            <IsSubprojectReadOnly>0</IsSubprojectReadOnly>
            <ExternalTask>0</ExternalTask>
            <FixedCostAccrual>3</FixedCostAccrual>
            <PercentComplete>0</PercentComplete>
            <PercentWorkComplete>0</PercentWorkComplete>
            <RemainingDuration>PT32H0M0S</RemainingDuration>
            <ConstraintType>0</ConstraintType>
            <CalendarUID>-1</CalendarUID>
            <LevelAssignments>0</LevelAssignments>
            <LevelingCanSplit>0</LevelingCanSplit>
            <IgnoreResourceCalendar>0</IgnoreResourceCalendar>
            <HideBar>0</HideBar>
            <Rollup>0</Rollup>
            <EarnedValueMethod>0</EarnedValueMethod>
            <Active>1</Active>
            <Manual>0</Manual>
        </Task>
        <Task>
            <UID>26</UID>
            <ID>26</ID>
            <Name>Execution</Name>
            <Type>1</Type>
            <IsNull>0</IsNull>
            <WBS>3.2</WBS>
            <OutlineNumber>3.2</OutlineNumber>
            <OutlineLevel>2</OutlineLevel>
            <Priority>500</Priority>
            <Start>2018-09-20T08:00:00</Start>
            <Finish>2018-10-26T16:59:00</Finish>
            <Duration>PT216H0M0S</Duration>
            <DurationFormat>7</DurationFormat>
            <ResumeValid>0</ResumeValid>
            <EffortDriven>0</EffortDriven>
            <Recurring>0</Recurring>
            <OverAllocated>0</OverAllocated>
            <Estimated>0</Estimated>
            <Milestone>0</Milestone>
            <Summary>1</Summary>
            <Critical>0</Critical>
            <IsSubproject>0</IsSubproject>
            <IsSubprojectReadOnly>0</IsSubprojectReadOnly>
            <ExternalTask>0</ExternalTask>
            <FixedCostAccrual>3</FixedCostAccrual>
            <PercentComplete>0</PercentComplete>
            <PercentWorkComplete>0</PercentWorkComplete>
            <RemainingDuration>PT216H0M0S</RemainingDuration>
            <ConstraintType>0</ConstraintType>
            <CalendarUID>-1</CalendarUID>
            <LevelAssignments>0</LevelAssignments>
            <LevelingCanSplit>0</LevelingCanSplit>
            <IgnoreResourceCalendar>0</IgnoreResourceCalendar>
            <HideBar>0</HideBar>
            <Rollup>0</Rollup>
            <EarnedValueMethod>0</EarnedValueMethod>
            <Active>1</Active>
            <Manual>0</Manual>
        </Task>
        <Task>
            <UID>27</UID>
            <ID>27</ID>
            <Name>Find free online textbook</Name>
            <Type>1</Type>
            <IsNull>0</IsNull>
            <WBS>3.2.1</WBS>
            <OutlineNumber>3.2.1</OutlineNumber>
            <OutlineLevel>3</OutlineLevel>
            <Priority>500</Priority>
            <Start>2018-09-20T08:00:00</Start>
            <Finish>2018-09-20T16:59:00</Finish>
            <Duration>PT8H0M0S</Duration>
            <DurationFormat>7</DurationFormat>
            <ResumeValid>0</ResumeValid>
            <EffortDriven>0</EffortDriven>
            <Recurring>0</Recurring>
            <OverAllocated>0</OverAllocated>
            <Estimated>0</Estimated>
            <Milestone>0</Milestone>
            <Summary>0</Summary>
            <Critical>0</Critical>
            <IsSubproject>0</IsSubproject>
            <IsSubprojectReadOnly>0</IsSubprojectReadOnly>
            <ExternalTask>0</ExternalTask>
            <FixedCostAccrual>3</FixedCostAccrual>
            <PercentComplete>0</PercentComplete>
            <PercentWorkComplete>0</PercentWorkComplete>
            <RemainingDuration>PT8H0M0S</RemainingDuration>
            <ConstraintType>0</ConstraintType>
            <CalendarUID>-1</CalendarUID>
            <LevelAssignments>0</LevelAssignments>
            <LevelingCanSplit>0</LevelingCanSplit>
            <IgnoreResourceCalendar>0</IgnoreResourceCalendar>
            <HideBar>0</HideBar>
            <Rollup>0</Rollup>
            <EarnedValueMethod>0</EarnedValueMethod>
            <Active>1</Active>
            <Manual>0</Manual>
        </Task>
        <Task>
            <UID>28</UID>
            <ID>28</ID>
            <Name>Create Syllabus</Name>
            <Type>1</Type>
            <IsNull>0</IsNull>
            <WBS>3.2.2</WBS>
            <OutlineNumber>3.2.2</OutlineNumber>
            <OutlineLevel>3</OutlineLevel>
            <Priority>500</Priority>
            <Start>2018-09-20T08:00:00</Start>
            <Finish>2018-09-20T16:59:00</Finish>
            <Duration>PT8H0M0S</Duration>
            <DurationFormat>7</DurationFormat>
            <ResumeValid>0</ResumeValid>
            <EffortDriven>0</EffortDriven>
            <Recurring>0</Recurring>
            <OverAllocated>0</OverAllocated>
            <Estimated>0</Estimated>
            <Milestone>0</Milestone>
            <Summary>0</Summary>
            <Critical>0</Critical>
            <IsSubproject>0</IsSubproject>
            <IsSubprojectReadOnly>0</IsSubprojectReadOnly>
            <ExternalTask>0</ExternalTask>
            <FixedCostAccrual>3</FixedCostAccrual>
            <PercentComplete>0</PercentComplete>
            <PercentWorkComplete>0</PercentWorkComplete>
            <RemainingDuration>PT8H0M0S</RemainingDuration>
            <ConstraintType>0</ConstraintType>
            <CalendarUID>-1</CalendarUID>
            <LevelAssignments>0</LevelAssignments>
            <LevelingCanSplit>0</LevelingCanSplit>
            <IgnoreResourceCalendar>0</IgnoreResourceCalendar>
            <HideBar>0</HideBar>
            <Rollup>0</Rollup>
            <EarnedValueMethod>0</EarnedValueMethod>
            <Active>1</Active>
            <Manual>0</Manual>
        </Task>
        <Task>
            <UID>29</UID>
            <ID>29</ID>
            <Name>Modules</Name>
            <Type>1</Type>
            <IsNull>0</IsNull>
            <WBS>3.2.3</WBS>
            <OutlineNumber>3.2.3</OutlineNumber>
            <OutlineLevel>3</OutlineLevel>
            <Priority>500</Priority>
            <Start>2018-09-21T08:00:00</Start>
            <Finish>2018-10-26T16:59:00</Finish>
            <Duration>PT208H0M0S</Duration>
            <DurationFormat>7</DurationFormat>
            <ResumeValid>0</ResumeValid>
            <EffortDriven>0</EffortDriven>
            <Recurring>0</Recurring>
            <OverAllocated>0</OverAllocated>
            <Estimated>0</Estimated>
            <Milestone>0</Milestone>
            <Summary>1</Summary>
            <Critical>0</Critical>
            <IsSubproject>0</IsSubproject>
            <IsSubprojectReadOnly>0</IsSubprojectReadOnly>
            <ExternalTask>0</ExternalTask>
            <FixedCostAccrual>3</FixedCostAccrual>
            <PercentComplete>0</PercentComplete>
            <PercentWorkComplete>0</PercentWorkComplete>
            <RemainingDuration>PT208H0M0S</RemainingDuration>
            <ConstraintType>0</ConstraintType>
            <CalendarUID>-1</CalendarUID>
            <LevelAssignments>0</LevelAssignments>
            <LevelingCanSplit>0</LevelingCanSplit>
            <IgnoreResourceCalendar>0</IgnoreResourceCalendar>
            <HideBar>0</HideBar>
            <Rollup>0</Rollup>
            <EarnedValueMethod>0</EarnedValueMethod>
            <Active>1</Active>
            <Manual>0</Manual>
        </Task>
        <Task>
            <UID>30</UID>
            <ID>30</ID>
            <Name>Unit 1</Name>
            <Type>1</Type>
            <IsNull>0</IsNull>
            <WBS>3.2.3.1</WBS>
            <OutlineNumber>3.2.3.1</OutlineNumber>
            <OutlineLevel>4</OutlineLevel>
            <Priority>500</Priority>
            <Start>2018-09-21T08:00:00</Start>
            <Finish>2018-09-21T16:59:00</Finish>
            <Duration>PT8H0M0S</Duration>
            <DurationFormat>7</DurationFormat>
            <ResumeValid>0</ResumeValid>
            <EffortDriven>0</EffortDriven>
            <Recurring>0</Recurring>
            <OverAllocated>0</OverAllocated>
            <Estimated>0</Estimated>
            <Milestone>0</Milestone>
            <Summary>0</Summary>
            <Critical>0</Critical>
            <IsSubproject>0</IsSubproject>
            <IsSubprojectReadOnly>0</IsSubprojectReadOnly>
            <ExternalTask>0</ExternalTask>
            <FixedCostAccrual>3</FixedCostAccrual>
            <PercentComplete>0</PercentComplete>
            <PercentWorkComplete>0</PercentWorkComplete>
            <RemainingDuration>PT8H0M0S</RemainingDuration>
            <ConstraintType>0</ConstraintType>
            <CalendarUID>-1</CalendarUID>
            <LevelAssignments>0</LevelAssignments>
            <LevelingCanSplit>0</LevelingCanSplit>
            <IgnoreResourceCalendar>0</IgnoreResourceCalendar>
            <HideBar>0</HideBar>
            <Rollup>0</Rollup>
            <EarnedValueMethod>0</EarnedValueMethod>
            <Active>1</Active>
            <Manual>0</Manual>
        </Task>
        <Task>
            <UID>31</UID>
            <ID>31</ID>
            <Name>Unit 2</Name>
            <Type>1</Type>
            <IsNull>0</IsNull>
            <WBS>3.2.3.2</WBS>
            <OutlineNumber>3.2.3.2</OutlineNumber>
            <OutlineLevel>4</OutlineLevel>
            <Priority>500</Priority>
            <Start>2018-09-21T08:00:00</Start>
            <Finish>2018-10-26T16:59:00</Finish>
            <Duration>PT208H0M0S</Duration>
            <DurationFormat>7</DurationFormat>
            <ResumeValid>0</ResumeValid>
            <EffortDriven>0</EffortDriven>
            <Recurring>0</Recurring>
            <OverAllocated>0</OverAllocated>
            <Estimated>0</Estimated>
            <Milestone>0</Milestone>
            <Summary>0</Summary>
            <Critical>0</Critical>
            <IsSubproject>0</IsSubproject>
            <IsSubprojectReadOnly>0</IsSubprojectReadOnly>
            <ExternalTask>0</ExternalTask>
            <FixedCostAccrual>3</FixedCostAccrual>
            <PercentComplete>0</PercentComplete>
            <PercentWorkComplete>0</PercentWorkComplete>
            <RemainingDuration>PT208H0M0S</RemainingDuration>
            <ConstraintType>0</ConstraintType>
            <CalendarUID>-1</CalendarUID>
            <LevelAssignments>0</LevelAssignments>
            <LevelingCanSplit>0</LevelingCanSplit>
            <IgnoreResourceCalendar>0</IgnoreResourceCalendar>
            <HideBar>0</HideBar>
            <Rollup>0</Rollup>
            <EarnedValueMethod>0</EarnedValueMethod>
            <Active>1</Active>
            <Manual>0</Manual>
        </Task>
        <Task>
            <UID>32</UID>
            <ID>32</ID>
            <Name>Midterm</Name>
            <Type>1</Type>
            <IsNull>0</IsNull>
            <WBS>3.2.3.3</WBS>
            <OutlineNumber>3.2.3.3</OutlineNumber>
            <OutlineLevel>4</OutlineLevel>
            <Priority>500</Priority>
            <Start>2018-09-26T08:00:00</Start>
            <Finish>2018-10-26T16:59:00</Finish>
            <Duration>PT184H0M0S</Duration>
            <DurationFormat>7</DurationFormat>
            <ResumeValid>0</ResumeValid>
            <EffortDriven>0</EffortDriven>
            <Recurring>0</Recurring>
            <OverAllocated>0</OverAllocated>
            <Estimated>0</Estimated>
            <Milestone>0</Milestone>
            <Summary>0</Summary>
            <Critical>0</Critical>
            <IsSubproject>0</IsSubproject>
            <IsSubprojectReadOnly>0</IsSubprojectReadOnly>
            <ExternalTask>0</ExternalTask>
            <FixedCostAccrual>3</FixedCostAccrual>
            <PercentComplete>0</PercentComplete>
            <PercentWorkComplete>0</PercentWorkComplete>
            <RemainingDuration>PT184H0M0S</RemainingDuration>
            <ConstraintType>0</ConstraintType>
            <CalendarUID>-1</CalendarUID>
            <LevelAssignments>0</LevelAssignments>
            <LevelingCanSplit>0</LevelingCanSplit>
            <IgnoreResourceCalendar>0</IgnoreResourceCalendar>
            <HideBar>0</HideBar>
            <Rollup>0</Rollup>
            <EarnedValueMethod>0</EarnedValueMethod>
            <Active>1</Active>
            <Manual>0</Manual>
        </Task>
        <Task>
            <UID>33</UID>
            <ID>33</ID>
            <Name>Unit 3</Name>
            <Type>1</Type>
            <IsNull>0</IsNull>
            <WBS>3.2.3.4</WBS>
            <OutlineNumber>3.2.3.4</OutlineNumber>
            <OutlineLevel>4</OutlineLevel>
            <Priority>500</Priority>
            <Start>2018-09-26T08:00:00</Start>
            <Finish>2018-10-26T16:59:00</Finish>
            <Duration>PT184H0M0S</Duration>
            <DurationFormat>7</DurationFormat>
            <ResumeValid>0</ResumeValid>
            <EffortDriven>0</EffortDriven>
            <Recurring>0</Recurring>
            <OverAllocated>0</OverAllocated>
            <Estimated>0</Estimated>
            <Milestone>0</Milestone>
            <Summary>0</Summary>
            <Critical>0</Critical>
            <IsSubproject>0</IsSubproject>
            <IsSubprojectReadOnly>0</IsSubprojectReadOnly>
            <ExternalTask>0</ExternalTask>
            <FixedCostAccrual>3</FixedCostAccrual>
            <PercentComplete>0</PercentComplete>
            <PercentWorkComplete>0</PercentWorkComplete>
            <RemainingDuration>PT184H0M0S</RemainingDuration>
            <ConstraintType>0</ConstraintType>
            <CalendarUID>-1</CalendarUID>
            <LevelAssignments>0</LevelAssignments>
            <LevelingCanSplit>0</LevelingCanSplit>
            <IgnoreResourceCalendar>0</IgnoreResourceCalendar>
            <HideBar>0</HideBar>
            <Rollup>0</Rollup>
            <EarnedValueMethod>0</EarnedValueMethod>
            <Active>1</Active>
            <Manual>0</Manual>
        </Task>
        <Task>
            <UID>34</UID>
            <ID>34</ID>
            <Name>Unit 4</Name>
            <Type>1</Type>
            <IsNull>0</IsNull>
            <WBS>3.2.3.5</WBS>
            <OutlineNumber>3.2.3.5</OutlineNumber>
            <OutlineLevel>4</OutlineLevel>
            <Priority>500</Priority>
            <Start>2018-10-05T08:00:00</Start>
            <Finish>2018-10-26T16:59:00</Finish>
            <Duration>PT128H0M0S</Duration>
            <DurationFormat>7</DurationFormat>
            <ResumeValid>0</ResumeValid>
            <EffortDriven>0</EffortDriven>
            <Recurring>0</Recurring>
            <OverAllocated>0</OverAllocated>
            <Estimated>0</Estimated>
            <Milestone>0</Milestone>
            <Summary>0</Summary>
            <Critical>0</Critical>
            <IsSubproject>0</IsSubproject>
            <IsSubprojectReadOnly>0</IsSubprojectReadOnly>
            <ExternalTask>0</ExternalTask>
            <FixedCostAccrual>3</FixedCostAccrual>
            <PercentComplete>0</PercentComplete>
            <PercentWorkComplete>0</PercentWorkComplete>
            <RemainingDuration>PT128H0M0S</RemainingDuration>
            <ConstraintType>0</ConstraintType>
            <CalendarUID>-1</CalendarUID>
            <LevelAssignments>0</LevelAssignments>
            <LevelingCanSplit>0</LevelingCanSplit>
            <IgnoreResourceCalendar>0</IgnoreResourceCalendar>
            <HideBar>0</HideBar>
            <Rollup>0</Rollup>
            <EarnedValueMethod>0</EarnedValueMethod>
            <Active>1</Active>
            <Manual>0</Manual>
        </Task>
        <Task>
            <UID>35</UID>
            <ID>35</ID>
            <Name>Final Exam</Name>
            <Type>1</Type>
            <IsNull>0</IsNull>
            <WBS>3.2.3.6</WBS>
            <OutlineNumber>3.2.3.6</OutlineNumber>
            <OutlineLevel>4</OutlineLevel>
            <Priority>500</Priority>
            <Start>2018-10-26T08:00:00</Start>
            <Finish>2018-10-26T16:59:00</Finish>
            <Duration>PT8H0M0S</Duration>
            <DurationFormat>7</DurationFormat>
            <ResumeValid>0</ResumeValid>
            <EffortDriven>0</EffortDriven>
            <Recurring>0</Recurring>
            <OverAllocated>0</OverAllocated>
            <Estimated>0</Estimated>
            <Milestone>0</Milestone>
            <Summary>0</Summary>
            <Critical>0</Critical>
            <IsSubproject>0</IsSubproject>
            <IsSubprojectReadOnly>0</IsSubprojectReadOnly>
            <ExternalTask>0</ExternalTask>
            <FixedCostAccrual>3</FixedCostAccrual>
            <PercentComplete>0</PercentComplete>
            <PercentWorkComplete>0</PercentWorkComplete>
            <RemainingDuration>PT8H0M0S</RemainingDuration>
            <ConstraintType>0</ConstraintType>
            <CalendarUID>-1</CalendarUID>
            <LevelAssignments>0</LevelAssignments>
            <LevelingCanSplit>0</LevelingCanSplit>
            <IgnoreResourceCalendar>0</IgnoreResourceCalendar>
            <HideBar>0</HideBar>
            <Rollup>0</Rollup>
            <EarnedValueMethod>0</EarnedValueMethod>
            <Active>1</Active>
            <Manual>0</Manual>
        </Task>
        <Task>
            <UID>36</UID>
            <ID>36</ID>
            <Name>Cap Stone</Name>
            <Type>1</Type>
            <IsNull>0</IsNull>
            <WBS>3.2.3.7</WBS>
            <OutlineNumber>3.2.3.7</OutlineNumber>
            <OutlineLevel>4</OutlineLevel>
            <Priority>500</Priority>
            <Start>2018-10-26T08:00:00</Start>
            <Finish>2018-10-26T16:59:00</Finish>
            <Duration>PT8H0M0S</Duration>
            <DurationFormat>7</DurationFormat>
            <ResumeValid>0</ResumeValid>
            <EffortDriven>0</EffortDriven>
            <Recurring>0</Recurring>
            <OverAllocated>0</OverAllocated>
            <Estimated>0</Estimated>
            <Milestone>0</Milestone>
            <Summary>0</Summary>
            <Critical>0</Critical>
            <IsSubproject>0</IsSubproject>
            <IsSubprojectReadOnly>0</IsSubprojectReadOnly>
            <ExternalTask>0</ExternalTask>
            <FixedCostAccrual>3</FixedCostAccrual>
            <PercentComplete>0</PercentComplete>
            <PercentWorkComplete>0</PercentWorkComplete>
            <RemainingDuration>PT8H0M0S</RemainingDuration>
            <ConstraintType>0</ConstraintType>
            <CalendarUID>-1</CalendarUID>
            <LevelAssignments>0</LevelAssignments>
            <LevelingCanSplit>0</LevelingCanSplit>
            <IgnoreResourceCalendar>0</IgnoreResourceCalendar>
            <HideBar>0</HideBar>
            <Rollup>0</Rollup>
            <EarnedValueMethod>0</EarnedValueMethod>
            <Active>1</Active>
            <Manual>0</Manual>
        </Task>
        <Task>
            <UID>37</UID>
            <ID>37</ID>
            <Name>Testing</Name>
            <Type>1</Type>
            <IsNull>0</IsNull>
            <WBS>3.3</WBS>
            <OutlineNumber>3.3</OutlineNumber>
            <OutlineLevel>2</OutlineLevel>
            <Priority>500</Priority>
            <Start>2018-10-12T08:00:00</Start>
            <Finish>2018-10-30T16:59:00</Finish>
            <Duration>PT104H0M0S</Duration>
            <DurationFormat>7</DurationFormat>
            <ResumeValid>0</ResumeValid>
            <EffortDriven>0</EffortDriven>
            <Recurring>0</Recurring>
            <OverAllocated>0</OverAllocated>
            <Estimated>0</Estimated>
            <Milestone>0</Milestone>
            <Summary>1</Summary>
            <Critical>0</Critical>
            <IsSubproject>0</IsSubproject>
            <IsSubprojectReadOnly>0</IsSubprojectReadOnly>
            <ExternalTask>0</ExternalTask>
            <FixedCostAccrual>3</FixedCostAccrual>
            <PercentComplete>0</PercentComplete>
            <PercentWorkComplete>0</PercentWorkComplete>
            <RemainingDuration>PT104H0M0S</RemainingDuration>
            <ConstraintType>0</ConstraintType>
            <CalendarUID>-1</CalendarUID>
            <LevelAssignments>0</LevelAssignments>
            <LevelingCanSplit>0</LevelingCanSplit>
            <IgnoreResourceCalendar>0</IgnoreResourceCalendar>
            <HideBar>0</HideBar>
            <Rollup>0</Rollup>
            <EarnedValueMethod>0</EarnedValueMethod>
            <Active>1</Active>
            <Manual>0</Manual>
        </Task>
        <Task>
            <UID>38</UID>
            <ID>38</ID>
            <Name>Software Test Plan</Name>
            <Type>1</Type>
            <IsNull>0</IsNull>
            <WBS>3.3.1</WBS>
            <OutlineNumber>3.3.1</OutlineNumber>
            <OutlineLevel>3</OutlineLevel>
            <Priority>500</Priority>
            <Start>2018-10-12T08:00:00</Start>
            <Finish>2018-10-26T16:59:00</Finish>
            <Duration>PT88H0M0S</Duration>
            <DurationFormat>7</DurationFormat>
            <ResumeValid>0</ResumeValid>
            <EffortDriven>0</EffortDriven>
            <Recurring>0</Recurring>
            <OverAllocated>0</OverAllocated>
            <Estimated>0</Estimated>
            <Milestone>0</Milestone>
            <Summary>0</Summary>
            <Critical>0</Critical>
            <IsSubproject>0</IsSubproject>
            <IsSubprojectReadOnly>0</IsSubprojectReadOnly>
            <ExternalTask>0</ExternalTask>
            <FixedCostAccrual>3</FixedCostAccrual>
            <PercentComplete>0</PercentComplete>
            <PercentWorkComplete>0</PercentWorkComplete>
            <RemainingDuration>PT88H0M0S</RemainingDuration>
            <ConstraintType>0</ConstraintType>
            <CalendarUID>-1</CalendarUID>
            <LevelAssignments>0</LevelAssignments>
            <LevelingCanSplit>0</LevelingCanSplit>
            <IgnoreResourceCalendar>0</IgnoreResourceCalendar>
            <HideBar>0</HideBar>
            <Rollup>0</Rollup>
            <EarnedValueMethod>0</EarnedValueMethod>
            <Active>1</Active>
            <Manual>0</Manual>
        </Task>
        <Task>
            <UID>39</UID>
            <ID>39</ID>
            <Name>Test Description</Name>
            <Type>1</Type>
            <IsNull>0</IsNull>
            <WBS>3.3.2</WBS>
            <OutlineNumber>3.3.2</OutlineNumber>
            <OutlineLevel>3</OutlineLevel>
            <Priority>500</Priority>
            <Start>2018-10-12T08:00:00</Start>
            <Finish>2018-10-26T16:59:00</Finish>
            <Duration>PT88H0M0S</Duration>
            <DurationFormat>7</DurationFormat>
            <ResumeValid>0</ResumeValid>
            <EffortDriven>0</EffortDriven>
            <Recurring>0</Recurring>
            <OverAllocated>0</OverAllocated>
            <Estimated>0</Estimated>
            <Milestone>0</Milestone>
            <Summary>0</Summary>
            <Critical>0</Critical>
            <IsSubproject>0</IsSubproject>
            <IsSubprojectReadOnly>0</IsSubprojectReadOnly>
            <ExternalTask>0</ExternalTask>
            <FixedCostAccrual>3</FixedCostAccrual>
            <PercentComplete>0</PercentComplete>
            <PercentWorkComplete>0</PercentWorkComplete>
            <RemainingDuration>PT88H0M0S</RemainingDuration>
            <ConstraintType>0</ConstraintType>
            <CalendarUID>-1</CalendarUID>
            <LevelAssignments>0</LevelAssignments>
            <LevelingCanSplit>0</LevelingCanSplit>
            <IgnoreResourceCalendar>0</IgnoreResourceCalendar>
            <HideBar>0</HideBar>
            <Rollup>0</Rollup>
            <EarnedValueMethod>0</EarnedValueMethod>
            <Active>1</Active>
            <Manual>0</Manual>
        </Task>
        <Task>
            <UID>40</UID>
            <ID>40</ID>
            <Name>Test Report</Name>
            <Type>1</Type>
            <IsNull>0</IsNull>
            <WBS>3.3.3</WBS>
            <OutlineNumber>3.3.3</OutlineNumber>
            <OutlineLevel>3</OutlineLevel>
            <Priority>500</Priority>
            <Start>2018-10-12T08:00:00</Start>
            <Finish>2018-10-30T16:59:00</Finish>
            <Duration>PT104H0M0S</Duration>
            <DurationFormat>7</DurationFormat>
            <ResumeValid>0</ResumeValid>
            <EffortDriven>0</EffortDriven>
            <Recurring>0</Recurring>
            <OverAllocated>0</OverAllocated>
            <Estimated>0</Estimated>
            <Milestone>0</Milestone>
            <Summary>0</Summary>
            <Critical>0</Critical>
            <IsSubproject>0</IsSubproject>
            <IsSubprojectReadOnly>0</IsSubprojectReadOnly>
            <ExternalTask>0</ExternalTask>
            <FixedCostAccrual>3</FixedCostAccrual>
            <PercentComplete>0</PercentComplete>
            <PercentWorkComplete>0</PercentWorkComplete>
            <RemainingDuration>PT104H0M0S</RemainingDuration>
            <ConstraintType>0</ConstraintType>
            <CalendarUID>-1</CalendarUID>
            <LevelAssignments>0</LevelAssignments>
            <LevelingCanSplit>0</LevelingCanSplit>
            <IgnoreResourceCalendar>0</IgnoreResourceCalendar>
            <HideBar>0</HideBar>
            <Rollup>0</Rollup>
            <EarnedValueMethod>0</EarnedValueMethod>
            <Active>1</Active>
            <Manual>0</Manual>
        </Task>
        <Task>
            <UID>41</UID>
            <ID>41</ID>
            <Name>Closing</Name>
            <Type>1</Type>
            <IsNull>0</IsNull>
            <WBS>4</WBS>
            <OutlineNumber>4</OutlineNumber>
            <OutlineLevel>1</OutlineLevel>
            <Priority>500</Priority>
            <Start>2018-09-09T08:00:00</Start>
            <Finish>2018-11-23T16:59:00</Finish>
            <Duration>PT448H0M0S</Duration>
            <DurationFormat>7</DurationFormat>
            <ResumeValid>0</ResumeValid>
            <EffortDriven>0</EffortDriven>
            <Recurring>0</Recurring>
            <OverAllocated>0</OverAllocated>
            <Estimated>0</Estimated>
            <Milestone>0</Milestone>
            <Summary>1</Summary>
            <Critical>0</Critical>
            <IsSubproject>0</IsSubproject>
            <IsSubprojectReadOnly>0</IsSubprojectReadOnly>
            <ExternalTask>0</ExternalTask>
            <FixedCostAccrual>3</FixedCostAccrual>
            <PercentComplete>0</PercentComplete>
            <PercentWorkComplete>0</PercentWorkComplete>
            <RemainingDuration>PT448H0M0S</RemainingDuration>
            <ConstraintType>4</ConstraintType>
            <CalendarUID>-1</CalendarUID>
            <ConstraintDate>2018-09-09T08:00:00</ConstraintDate>
            <LevelAssignments>0</LevelAssignments>
            <LevelingCanSplit>0</LevelingCanSplit>
            <IgnoreResourceCalendar>0</IgnoreResourceCalendar>
            <HideBar>0</HideBar>
            <Rollup>0</Rollup>
            <EarnedValueMethod>0</EarnedValueMethod>
            <Active>1</Active>
            <Manual>0</Manual>
        </Task>
        <Task>
            <UID>42</UID>
            <ID>42</ID>
            <Name>Submit Time Logs</Name>
            <Type>1</Type>
            <IsNull>0</IsNull>
            <WBS>4.1</WBS>
            <OutlineNumber>4.1</OutlineNumber>
            <OutlineLevel>2</OutlineLevel>
            <Priority>500</Priority>
            <Start>2018-11-23T08:00:00</Start>
            <Finish>2018-11-23T16:59:00</Finish>
            <Duration>PT8H0M0S</Duration>
            <DurationFormat>7</DurationFormat>
            <ResumeValid>0</ResumeValid>
            <EffortDriven>0</EffortDriven>
            <Recurring>0</Recurring>
            <OverAllocated>0</OverAllocated>
            <Estimated>0</Estimated>
            <Milestone>0</Milestone>
            <Summary>0</Summary>
            <Critical>0</Critical>
            <IsSubproject>0</IsSubproject>
            <IsSubprojectReadOnly>0</IsSubprojectReadOnly>
            <ExternalTask>0</ExternalTask>
            <FixedCostAccrual>3</FixedCostAccrual>
            <PercentComplete>0</PercentComplete>
            <PercentWorkComplete>0</PercentWorkComplete>
            <RemainingDuration>PT8H0M0S</RemainingDuration>
            <ConstraintType>0</ConstraintType>
            <CalendarUID>-1</CalendarUID>
            <LevelAssignments>0</LevelAssignments>
            <LevelingCanSplit>0</LevelingCanSplit>
            <IgnoreResourceCalendar>0</IgnoreResourceCalendar>
            <HideBar>0</HideBar>
            <Rollup>0</Rollup>
            <EarnedValueMethod>0</EarnedValueMethod>
            <Active>1</Active>
            <Manual>0</Manual>
        </Task>
        <Task>
            <UID>43</UID>
            <ID>43</ID>
            <Name>Final Website</Name>
            <Type>1</Type>
            <IsNull>0</IsNull>
            <WBS>4.2</WBS>
            <OutlineNumber>4.2</OutlineNumber>
            <OutlineLevel>2</OutlineLevel>
            <Priority>500</Priority>
            <Start>2018-09-09T08:00:00</Start>
            <Finish>2018-11-23T16:59:00</Finish>
            <Duration>PT448H0M0S</Duration>
            <DurationFormat>7</DurationFormat>
            <ResumeValid>0</ResumeValid>
            <EffortDriven>0</EffortDriven>
            <Recurring>0</Recurring>
            <OverAllocated>0</OverAllocated>
            <Estimated>0</Estimated>
            <Milestone>0</Milestone>
            <Summary>0</Summary>
            <Critical>0</Critical>
            <IsSubproject>0</IsSubproject>
            <IsSubprojectReadOnly>0</IsSubprojectReadOnly>
            <ExternalTask>0</ExternalTask>
            <FixedCostAccrual>3</FixedCostAccrual>
            <PercentComplete>0</PercentComplete>
            <PercentWorkComplete>0</PercentWorkComplete>
            <RemainingDuration>PT448H0M0S</RemainingDuration>
            <ConstraintType>0</ConstraintType>
            <CalendarUID>-1</CalendarUID>
            <LevelAssignments>0</LevelAssignments>
            <LevelingCanSplit>0</LevelingCanSplit>
            <IgnoreResourceCalendar>0</IgnoreResourceCalendar>
            <HideBar>0</HideBar>
            <Rollup>0</Rollup>
            <EarnedValueMethod>0</EarnedValueMethod>
            <Active>1</Active>
            <Manual>0</Manual>
        </Task>
        <Task>
            <UID>44</UID>
            <ID>44</ID>
            <Name>Final Documentation and Report</Name>
            <Type>1</Type>
            <IsNull>0</IsNull>
            <WBS>4.3</WBS>
            <OutlineNumber>4.3</OutlineNumber>
            <OutlineLevel>2</OutlineLevel>
            <Priority>500</Priority>
            <Start>2018-11-04T08:00:00</Start>
            <Finish>2018-11-23T16:59:00</Finish>
            <Duration>PT128H0M0S</Duration>
            <DurationFormat>7</DurationFormat>
            <ResumeValid>0</ResumeValid>
            <EffortDriven>0</EffortDriven>
            <Recurring>0</Recurring>
            <OverAllocated>0</OverAllocated>
            <Estimated>0</Estimated>
            <Milestone>0</Milestone>
            <Summary>0</Summary>
            <Critical>0</Critical>
            <IsSubproject>0</IsSubproject>
            <IsSubprojectReadOnly>0</IsSubprojectReadOnly>
            <ExternalTask>0</ExternalTask>
            <FixedCostAccrual>3</FixedCostAccrual>
            <PercentComplete>0</PercentComplete>
            <PercentWorkComplete>0</PercentWorkComplete>
            <RemainingDuration>PT128H0M0S</RemainingDuration>
            <ConstraintType>0</ConstraintType>
            <CalendarUID>-1</CalendarUID>
            <LevelAssignments>0</LevelAssignments>
            <LevelingCanSplit>0</LevelingCanSplit>
            <IgnoreResourceCalendar>0</IgnoreResourceCalendar>
            <HideBar>0</HideBar>
            <Rollup>0</Rollup>
            <EarnedValueMethod>0</EarnedValueMethod>
            <Active>1</Active>
            <Manual>0</Manual>
        </Task>
    </Tasks>
    <Resources/>
    <Assignments/>
</Project>
